Animal ID,Name_in,DateTime_in,MonthYear_in,Found Location,Intake Type,Intake Condition,Animal Type_in,Sex upon Intake,Age upon Intake,Breed_in,Color_in,Name_out,DateTime_out,MonthYear_out,Date of Birth,Outcome Type,Outcome Subtype,Animal Type_out,Sex upon Outcome,Age upon Outcome,Breed_out,Color_out,shelter_time
A825547,,2020-11-05 21:50:00,11/05/2020 09:50:00 PM,4800 Hale in Austin (TX),Public Assist,Normal,Bird,Unknown,1 year,Cockatiel,White/Yellow,,2020-11-14 13:19:00,11/14/2020 01:19:00 PM,11/05/2019,Adoption,,Bird,Unknown,1 year,Cockatiel,White/Yellow,8 days 15:29:00
A787329,,2019-01-11 12:21:00,01/11/2019 12:21:00 PM,Austin (TX),Owner Surrender,Normal,Bird,Unknown,1 year,Parakeet Mix,Yellow,,2019-01-13 16:21:00,01/13/2019 04:21:00 PM,01/11/2018,Adoption,,Bird,Unknown,1 year,Parakeet Mix,Yellow,2 days 04:00:00
A720718,Tito,2016-02-14 16:02:00,02/14/2016 04:02:00 PM,21413 Webber Oaks Cv in Travis (TX),Public Assist,Normal,Bird,Intact Male,1 year,Chicken Mix,Black/Yellow,Tito,2016-03-08 14:20:00,03/08/2016 02:20:00 PM,02/14/2015,Adoption,,Bird,Intact Male,1 year,Chicken Mix,Black/Yellow,22 days 22:18:00
A822864,,2020-09-10 17:24:00,09/10/2020 05:24:00 PM,4301 S Ih 35 Frontage Rd in Austin (TX),Stray,Normal,Bird,Unknown,2 years,Cockatiel,Yellow/White,,2020-09-19 11:34:00,09/19/2020 11:34:00 AM,09/10/2018,Adoption,Foster,Bird,Unknown,2 years,Cockatiel,Yellow/White,8 days 18:10:00
A751514,Starlight,2017-06-09 10:34:00,06/09/2017 10:34:00 AM,12120 Manchaca Rd in Austin (TX),Owner Surrender,Normal,Bird,Unknown,5 months,Chicken Mix,Red,Starlight,2017-06-10 10:42:00,06/10/2017 10:42:00 AM,12/09/2016,Adoption,Offsite,Bird,Unknown,6 months,Chicken Mix,Red,1 days 00:08:00
A723996,*Lemon Head,2016-04-10 12:20:00,04/10/2016 12:20:00 PM,Washita And Alexandria in Austin (TX),Stray,Normal,Bird,Unknown,1 year,Parakeet Mix,Blue/Gray,*Lemon Head,2016-04-17 11:36:00,04/17/2016 11:36:00 AM,04/10/2015,Adoption,,Bird,Unknown,1 year,Parakeet Mix,Blue/Gray,6 days 23:16:00
A818041,,2020-05-31 18:33:00,05/31/2020 06:33:00 PM,1103 E Applegate in Austin (TX),Stray,Normal,Bird,Intact Male,1 year,Chicken,White/Red,,2020-06-09 21:47:00,06/09/2020 09:47:00 PM,05/31/2019,Adoption,,Bird,Intact Male,1 year,Chicken,White/Red,9 days 03:14:00
A720744,Rooster 28,2016-02-14 16:02:00,02/14/2016 04:02:00 PM,21413 Webber Oaks Cv in Travis (TX),Public Assist,Normal,Bird,Intact Male,1 year,Chicken Mix,Black/Red,Rooster 28,2016-03-08 13:49:00,03/08/2016 01:49:00 PM,02/14/2015,Adoption,,Bird,Intact Male,1 year,Chicken Mix,Black/Red,22 days 21:47:00
A739251,,2016-11-29 16:21:00,11/29/2016 04:21:00 PM,2825 Locke in Austin (TX),Public Assist,Normal,Bird,Unknown,1 year,Cockatiel Mix,Gray/White,,2016-12-05 18:53:00,12/05/2016 06:53:00 PM,11/29/2015,Adoption,,Bird,Unknown,1 year,Cockatiel Mix,Gray/White,6 days 02:32:00
A713039,,2015-10-02 01:23:00,10/02/2015 01:23:00 AM,6405 Jennings Dr in Austin (TX),Stray,Injured,Bird,Unknown,1 year,Parrot,Green/Yellow,,2015-10-06 14:36:00,10/06/2015 02:36:00 PM,10/02/2014,Adoption,,Bird,Unknown,1 year,Parrot,Green/Yellow,4 days 13:13:00
A751393,*Clark Gable,2017-06-07 16:36:00,06/07/2017 04:36:00 PM,10000 Research Blvd in Austin (TX),Stray,Normal,Bird,Intact Male,1 year,Chicken,White/Black,*Clark Gable,2017-06-17 13:22:00,06/17/2017 01:22:00 PM,06/07/2016,Adoption,,Bird,Intact Male,1 year,Chicken,White/Black,9 days 20:46:00
A779661,,2018-09-04 13:02:00,09/04/2018 01:02:00 PM,107 E Brenham St in Manor (TX),Public Assist,Normal,Bird,Intact Male,1 year,Chicken,Red/Black,,2018-09-22 19:12:00,09/22/2018 07:12:00 PM,09/04/2017,Adoption,,Bird,Intact Male,1 year,Chicken,Red/Black,18 days 06:10:00
A800449,,2019-07-21 13:27:00,07/21/2019 01:27:00 PM,720 Pathway Lane in Austin (TX),Stray,Normal,Bird,Unknown,2 years,Conure,Yellow/Green,,2019-07-26 17:45:00,07/26/2019 05:45:00 PM,07/21/2017,Adoption,,Bird,Unknown,2 years,Conure,Yellow/Green,5 days 04:18:00
A771817,,2018-05-10 12:06:00,05/10/2018 12:06:00 PM,12112 Lavinia Ln in Austin (TX),Stray,Normal,Bird,Unknown,2 years,Chicken Mix,Red,,2018-05-24 11:36:00,05/24/2018 11:36:00 AM,05/10/2016,Adoption,Foster,Bird,Unknown,2 years,Chicken Mix,Red,13 days 23:30:00
A779676,,2018-09-04 13:02:00,09/04/2018 01:02:00 PM,107 E Brenham St in Manor (TX),Public Assist,Normal,Bird,Unknown,1 year,Chicken,Brown,,2018-09-22 19:14:00,09/22/2018 07:14:00 PM,09/04/2017,Adoption,,Bird,Unknown,1 year,Chicken,Brown,18 days 06:12:00
A773388,,2018-05-31 13:36:00,05/31/2018 01:36:00 PM,"614 Commons Ford Rd, Austin, Tx 78733 in Austin (TX)",Stray,Normal,Bird,Unknown,1 year,Parakeet Mix,Blue/White,,2018-06-04 00:00:00,06/04/2018 12:00:00 AM,05/31/2017,Adoption,,Bird,Unknown,1 year,Parakeet Mix,Blue/White,3 days 10:24:00
A711895,,2015-09-13 12:49:00,09/13/2015 12:49:00 PM,Valleyridge Dr And Dolphin Cv in Austin (TX),Stray,Normal,Bird,Unknown,1 year,Conure Mix,Green,,2015-09-16 19:32:00,09/16/2015 07:32:00 PM,09/13/2014,Adoption,,Bird,Unknown,1 year,Conure Mix,Green,3 days 06:43:00
A754903,Sunshine,2017-07-26 13:47:00,07/26/2017 01:47:00 PM,Austin (TX),Owner Surrender,Normal,Bird,Unknown,1 year,Parakeet Mix,Green/Yellow,Sunshine,2017-07-27 16:18:00,07/27/2017 04:18:00 PM,07/26/2016,Adoption,,Bird,Unknown,1 year,Parakeet Mix,Green/Yellow,1 days 02:31:00
A720743,Rooster 27,2016-02-14 16:02:00,02/14/2016 04:02:00 PM,21413 Webber Oaks Cv in Travis (TX),Public Assist,Normal,Bird,Intact Male,1 year,Chicken Mix,Black/Red,Rooster 27,2016-03-08 13:47:00,03/08/2016 01:47:00 PM,02/14/2015,Adoption,,Bird,Intact Male,1 year,Chicken Mix,Black/Red,22 days 21:45:00
A787330,,2019-01-11 12:21:00,01/11/2019 12:21:00 PM,Austin (TX),Owner Surrender,Normal,Bird,Unknown,1 year,Parakeet Mix,Blue,,2019-01-13 16:21:00,01/13/2019 04:21:00 PM,01/11/2018,Adoption,,Bird,Unknown,1 year,Parakeet Mix,Blue,2 days 04:00:00
A727224,,2016-05-20 09:28:00,05/20/2016 09:28:00 AM,1800 Bissel St in Austin (TX),Wildlife,Normal,Bird,Intact Female,5 years,Peafowl Mix,Brown/Green,,2016-06-12 09:39:00,06/12/2016 09:39:00 AM,05/20/2011,Adoption,Foster,Bird,Intact Female,5 years,Peafowl Mix,Brown/Green,23 days 00:11:00
A751513,Psyduck,2017-06-09 10:34:00,06/09/2017 10:34:00 AM,12120 Manchaca Rd in Austin (TX),Owner Surrender,Normal,Bird,Unknown,5 months,Chicken Mix,Red,Psyduck,2017-06-10 10:36:00,06/10/2017 10:36:00 AM,12/09/2016,Adoption,Offsite,Bird,Unknown,6 months,Chicken Mix,Red,1 days 00:02:00
A679125,,2014-05-16 17:38:00,05/16/2014 05:38:00 PM,1907 Margalene Way in Austin (TX),Stray,Normal,Bird,Unknown,1 year,Lovebird Mix,White,,2014-05-28 16:22:00,05/28/2014 04:22:00 PM,05/16/2013,Adoption,,Bird,Unknown,1 year,Lovebird Mix,White,11 days 22:44:00
A722594,,2016-03-19 11:39:00,03/19/2016 11:39:00 AM,Austin (TX),Owner Surrender,Normal,Bird,Unknown,0 years,Duck Mix,Yellow,,2016-03-24 12:37:00,03/24/2016 12:37:00 PM,03/19/2016,Adoption,Foster,Bird,Unknown,5 days,Duck Mix,Yellow,5 days 00:58:00
A746727,,2017-04-08 11:43:00,04/08/2017 11:43:00 AM,8808 Dawnridge Circle in Austin (TX),Wildlife,Normal,Bird,Unknown,1 year,Parakeet,Blue/Black,,2017-04-12 14:20:00,04/12/2017 02:20:00 PM,04/08/2016,Adoption,,Bird,Unknown,1 year,Parakeet,Blue/Black,4 days 02:37:00
A779684,,2018-09-04 13:02:00,09/04/2018 01:02:00 PM,107 E Brenham St in Manor (TX),Public Assist,Normal,Bird,Unknown,1 year,Chicken,Brown/Black,,2018-09-22 19:20:00,09/22/2018 07:20:00 PM,09/04/2017,Adoption,,Bird,Unknown,1 year,Chicken,Brown/Black,18 days 06:18:00
A720723,Rooster 7,2016-02-14 16:02:00,02/14/2016 04:02:00 PM,21413 Webber Oaks Cv in Travis (TX),Public Assist,Normal,Bird,Intact Male,1 year,Chicken Mix,Black/Red,Rooster 7,2016-03-08 17:43:00,03/08/2016 05:43:00 PM,02/14/2015,Adoption,,Bird,Intact Male,1 year,Chicken Mix,Black/Red,23 days 01:41:00
A810655,Raphael,2019-12-17 14:54:00,12/17/2019 02:54:00 PM,Austin (TX),Owner Surrender,Normal,Bird,Unknown,1 year,Parakeet,Blue/Gray,Raphael,2019-12-17 17:52:00,12/17/2019 05:52:00 PM,12/17/2018,Adoption,,Bird,Unknown,1 year,Parakeet,Blue/Gray,0 days 02:58:00
A713564,*Rocky,2015-10-08 16:59:00,10/08/2015 04:59:00 PM,Bolm And Gardner in Austin (TX),Stray,Normal,Bird,Intact Male,1 year,Chicken Mix,Black/Tricolor,*Rocky,2015-10-12 12:14:00,10/12/2015 12:14:00 PM,10/08/2014,Adoption,,Bird,Intact Male,1 year,Chicken Mix,Black/Tricolor,3 days 19:15:00
A698147,,2015-03-06 15:02:00,03/06/2015 03:02:00 PM,7201 Levander Loop in Austin (TX),Stray,Injured,Bird,Intact Male,1 year,Parakeet Mix,Yellow,,2015-03-27 07:39:00,03/27/2015 07:39:00 AM,03/06/2014,Adoption,Foster,Bird,Intact Male,1 year,Parakeet Mix,Yellow,20 days 16:37:00
A754759,,2017-07-24 12:39:00,07/24/2017 12:39:00 PM,6805 Shoal Creek Blvd in Austin (TX),Stray,Normal,Bird,Unknown,1 year,Parakeet Mix,Blue,,2017-07-28 11:24:00,07/28/2017 11:24:00 AM,07/24/2016,Adoption,,Bird,Unknown,1 year,Parakeet Mix,Blue,3 days 22:45:00
A815989,*Waffles,2020-04-02 11:09:00,04/02/2020 11:09:00 AM,801 Sugaree Ave in Austin (TX),Stray,Other,Bird,Unknown,2 months,Parakeet,Blue/Gray,*Waffles,2020-05-21 10:48:00,05/21/2020 10:48:00 AM,01/02/2020,Adoption,Foster,Bird,Unknown,4 months,Parakeet,Blue/Gray,48 days 23:39:00
A720725,Rooster 9,2016-02-14 16:02:00,02/14/2016 04:02:00 PM,21413 Webber Oaks Cv in Travis (TX),Public Assist,Normal,Bird,Intact Male,1 year,Chicken Mix,Red/Black,Rooster 9,2016-03-08 18:56:00,03/08/2016 06:56:00 PM,02/14/2015,Adoption,,Bird,Intact Male,1 year,Chicken Mix,Red/Black,23 days 02:54:00
A779667,,2018-09-04 13:02:00,09/04/2018 01:02:00 PM,107 E Brenham St in Manor (TX),Public Assist,Normal,Bird,Intact Female,1 year,Chicken,Brown,,2018-09-22 19:36:00,09/22/2018 07:36:00 PM,09/04/2017,Adoption,,Bird,Intact Female,1 year,Chicken,Brown,18 days 06:34:00
A741066,,2016-12-27 16:11:00,12/27/2016 04:11:00 PM,2601 Scofield Ridge in Austin (TX),Stray,Normal,Bird,Unknown,2 years,Cockatiel Mix,Gray/Yellow,,2016-12-31 13:04:00,12/31/2016 01:04:00 PM,12/27/2014,Adoption,,Bird,Unknown,2 years,Cockatiel Mix,Gray/Yellow,3 days 20:53:00
A779681,,2018-09-04 13:02:00,09/04/2018 01:02:00 PM,107 E Brenham St in Manor (TX),Public Assist,Normal,Bird,Intact Male,1 year,Chicken,Brown/White,,2018-10-11 17:46:00,10/11/2018 05:46:00 PM,09/04/2017,Adoption,,Bird,Intact Male,1 year,Chicken,Brown/White,37 days 04:44:00
A787444,,2019-01-13 15:28:00,01/13/2019 03:28:00 PM,South Congress Avenue And West Mary Street in Austin (TX),Stray,Normal,Bird,Unknown,1 year,Parakeet Mix,Yellow/Gray,,2019-01-24 19:12:00,01/24/2019 07:12:00 PM,01/13/2018,Adoption,,Bird,Unknown,1 year,Parakeet Mix,Yellow/Gray,11 days 03:44:00
A724658,Candy,2016-04-20 11:07:00,04/20/2016 11:07:00 AM,11675 Jollyville Rd in Austin (TX),Stray,Normal,Bird,Intact Female,1 year,Peafowl,White/Brown,Candy,2016-04-25 11:26:00,04/25/2016 11:26:00 AM,04/20/2015,Adoption,,Bird,Intact Female,1 year,Peafowl,White/Brown,5 days 00:19:00
A710951,,2015-08-30 15:06:00,08/30/2015 03:06:00 PM,3206 East 16Th in Austin (TX),Stray,Injured,Bird,Unknown,2 days,Chicken Mix,Brown,,2015-09-06 13:43:00,09/06/2015 01:43:00 PM,08/28/2015,Adoption,Foster,Bird,Unknown,1 weeks,Chicken Mix,Brown,6 days 22:37:00
A677677,,2014-04-27 17:21:00,04/27/2014 05:21:00 PM,3002 E 18 1/2 St in Austin (TX),Stray,Normal,Bird,Intact Male,2 years,Bantam Mix,White,,2014-04-29 11:29:00,04/29/2014 11:29:00 AM,04/25/2012,Adoption,,Bird,Intact Male,2 years,Bantam Mix,White,1 days 18:08:00
A788214,,2019-01-28 15:14:00,01/28/2019 03:14:00 PM,Austin (TX),Owner Surrender,Normal,Bird,Unknown,2 years,Parakeet Mix,Yellow,,2019-01-30 10:46:00,01/30/2019 10:46:00 AM,01/28/2017,Adoption,,Bird,Unknown,2 years,Parakeet Mix,Yellow,1 days 19:32:00
A771818,,2018-05-10 12:06:00,05/10/2018 12:06:00 PM,12112 Lavinia Ln in Austin (TX),Stray,Normal,Bird,Unknown,4 weeks,Chicken Mix,Yellow,,2018-05-24 11:36:00,05/24/2018 11:36:00 AM,04/10/2018,Adoption,Foster,Bird,Unknown,1 month,Chicken Mix,Yellow,13 days 23:30:00
A733592,,2016-08-24 10:14:00,08/24/2016 10:14:00 AM,290 & Arterial 8 in Austin (TX),Stray,Injured,Bird,Unknown,5 months,Chicken,Brown,,2016-08-30 13:57:00,08/30/2016 01:57:00 PM,02/24/2016,Adoption,,Bird,Unknown,6 months,Chicken,Brown,6 days 03:43:00
A779658,,2018-09-04 13:02:00,09/04/2018 01:02:00 PM,107 E Brenham St in Manor (TX),Public Assist,Normal,Bird,Intact Male,1 year,Chicken,Red/Black,,2018-10-11 17:53:00,10/11/2018 05:53:00 PM,09/04/2017,Adoption,,Bird,Intact Male,1 year,Chicken,Red/Black,37 days 04:51:00
A779675,,2018-09-04 13:02:00,09/04/2018 01:02:00 PM,107 E Brenham St in Manor (TX),Public Assist,Normal,Bird,Intact Female,1 year,Chicken,Black/Brown,,2018-09-22 19:35:00,09/22/2018 07:35:00 PM,09/04/2017,Adoption,,Bird,Intact Female,1 year,Chicken,Black/Brown,18 days 06:33:00
A767616,,2018-03-04 12:31:00,03/04/2018 12:31:00 PM,10511 Turner Drive in Austin (TX),Stray,Normal,Bird,Intact Female,1 year,Rhode Island Mix,Red,,2018-04-09 19:23:00,04/09/2018 07:23:00 PM,03/04/2017,Adoption,Foster,Bird,Intact Female,1 year,Rhode Island Mix,Red,36 days 06:52:00
A701179,,2015-04-24 22:05:00,04/24/2015 10:05:00 PM,2314 Wickersham Ln in Austin (TX),Stray,Normal,Bird,Unknown,1 year,Conure,Green,,2015-04-28 12:46:00,04/28/2015 12:46:00 PM,04/24/2014,Adoption,,Bird,Unknown,1 year,Conure,Green,3 days 14:41:00
A779682,,2018-09-04 13:02:00,09/04/2018 01:02:00 PM,107 E Brenham St in Manor (TX),Public Assist,Normal,Bird,Intact Female,1 year,Chicken,Gray/Brown,,2018-09-22 19:34:00,09/22/2018 07:34:00 PM,09/04/2017,Adoption,,Bird,Intact Female,1 year,Chicken,Gray/Brown,18 days 06:32:00
A815400,Midori,2020-03-15 11:15:00,03/15/2020 11:15:00 AM,Lago Vista (TX),Owner Surrender,Normal,Bird,Unknown,1 year,Parakeet,Green/Yellow,Midori,2020-03-27 06:57:00,03/27/2020 06:57:00 AM,03/15/2019,Adoption,Foster,Bird,Unknown,1 year,Parakeet,Green/Yellow,11 days 19:42:00
A802698,Sunshine,2019-08-21 14:08:00,08/21/2019 02:08:00 PM,Austin (TX),Owner Surrender,Normal,Bird,Intact Female,1 year,Budgerigar,Yellow,Sunshine,2019-08-21 19:00:00,08/21/2019 07:00:00 PM,08/21/2018,Adoption,,Bird,Intact Female,1 year,Budgerigar,Yellow,0 days 04:52:00
A672940,,2014-02-18 14:42:00,02/18/2014 02:42:00 PM,Circle Drive in Austin (TX),Stray,Normal,Bird,Intact Male,1 year,Chicken,Red/Black,,2014-03-03 12:16:00,03/03/2014 12:16:00 PM,02/18/2013,Adoption,,Bird,Intact Male,1 year,Chicken,Red/Black,12 days 21:34:00
A747016,,2017-04-12 15:55:00,04/12/2017 03:55:00 PM,1605 Kramer Ln in Austin (TX),Stray,Normal,Bird,Unknown,1 year,Parakeet Mix,White/Blue,,2017-04-19 12:05:00,04/19/2017 12:05:00 PM,04/12/2016,Adoption,,Bird,Unknown,1 year,Parakeet Mix,White/Blue,6 days 20:10:00
A720729,Rooster 13,2016-02-14 16:02:00,02/14/2016 04:02:00 PM,21413 Webber Oaks Cv in Travis (TX),Public Assist,Normal,Bird,Intact Male,1 year,Chicken Mix,Red/Black,Rooster 13,2016-03-08 11:57:00,03/08/2016 11:57:00 AM,02/14/2015,Adoption,,Bird,Intact Male,1 year,Chicken Mix,Red/Black,22 days 19:55:00
A722609,,2016-03-19 13:07:00,03/19/2016 01:07:00 PM,Old Lockhart Rd in Travis (TX),Public Assist,Normal,Bird,Intact Male,1 year,Chicken Mix,Red,,2016-04-15 11:48:00,04/15/2016 11:48:00 AM,03/19/2015,Adoption,,Bird,Intact Male,1 year,Chicken Mix,Red,26 days 22:41:00
A779663,,2018-09-04 13:02:00,09/04/2018 01:02:00 PM,107 E Brenham St in Manor (TX),Public Assist,Normal,Bird,Intact Male,1 year,Chicken,Red/White,,2018-10-11 17:53:00,10/11/2018 05:53:00 PM,09/04/2017,Adoption,,Bird,Intact Male,1 year,Chicken,Red/White,37 days 04:51:00
A779657,,2018-09-04 13:02:00,09/04/2018 01:02:00 PM,107 E Brenham St in Manor (TX),Public Assist,Normal,Bird,Intact Male,1 year,Chicken,Black/Tan,,2018-09-22 19:36:00,09/22/2018 07:36:00 PM,09/04/2017,Adoption,,Bird,Intact Male,1 year,Chicken,Black/Tan,18 days 06:34:00
A749156,,2017-05-11 16:23:00,05/11/2017 04:23:00 PM,5401 E Martin Luther King Jr Blvd in Austin (TX),Stray,Normal,Bird,Unknown,7 months,Duck,Yellow,,2017-05-15 09:32:00,05/15/2017 09:32:00 AM,09/11/2016,Adoption,Foster,Bird,Unknown,8 months,Duck,Yellow,3 days 17:09:00
A720735,Rooster 19,2016-02-14 16:02:00,02/14/2016 04:02:00 PM,21413 Webber Oaks Cv in Travis (TX),Public Assist,Normal,Bird,Intact Male,1 year,Chicken Mix,Black/Cream,Rooster 19,2016-03-08 18:14:00,03/08/2016 06:14:00 PM,02/14/2015,Adoption,,Bird,Intact Male,1 year,Chicken Mix,Black/Cream,23 days 02:12:00
A802697,Ocean,2019-08-21 14:08:00,08/21/2019 02:08:00 PM,Austin (TX),Owner Surrender,Normal,Bird,Intact Female,1 year,Budgerigar,Blue,Ocean,2019-08-21 19:00:00,08/21/2019 07:00:00 PM,08/21/2018,Adoption,,Bird,Intact Female,1 year,Budgerigar,Blue,0 days 04:52:00
A679700,,2014-05-25 09:41:00,05/25/2014 09:41:00 AM,4434 Frontier in Austin (TX),Stray,Injured,Bird,Unknown,3 months,Parrot Mix,Green/White,,2014-05-30 18:24:00,05/30/2014 06:24:00 PM,01/25/2014,Adoption,,Bird,Unknown,4 months,Parrot Mix,Green/White,5 days 08:43:00
A672941,,2014-02-18 14:42:00,02/18/2014 02:42:00 PM,Circle Drive in Austin (TX),Stray,Normal,Bird,Intact Male,1 year,Chicken,Red/Black,,2014-03-03 12:17:00,03/03/2014 12:17:00 PM,02/18/2013,Adoption,,Bird,Intact Male,1 year,Chicken,Red/Black,12 days 21:35:00
A804626,,2019-09-16 15:05:00,09/16/2019 03:05:00 PM,Austin (TX),Stray,Normal,Bird,Unknown,1 year,Pigeon,White/Brown,,2019-09-22 11:54:00,09/22/2019 11:54:00 AM,09/16/2018,Adoption,,Bird,Unknown,1 year,Pigeon,White/Brown,5 days 20:49:00
A758950,*Ozzy,2017-09-24 13:10:00,09/24/2017 01:10:00 PM,Austin (TX),Owner Surrender,Normal,Bird,Intact Male,18 years,Cockatiel Mix,White/Tricolor,*Ozzy,2018-05-19 11:52:00,05/19/2018 11:52:00 AM,09/24/1999,Adoption,Foster,Bird,Intact Male,18 years,Cockatiel Mix,White/Tricolor,236 days 22:42:00
A765436,Flip,2018-01-20 12:28:00,01/20/2018 12:28:00 PM,Austin (TX),Owner Surrender,Normal,Bird,Intact Male,6 months,Chicken Mix,Tan/Red,Flip,2018-01-24 14:32:00,01/24/2018 02:32:00 PM,07/20/2017,Adoption,,Bird,Intact Male,6 months,Chicken Mix,Tan/Red,4 days 02:04:00
A779678,,2018-09-04 13:02:00,09/04/2018 01:02:00 PM,107 E Brenham St Side B in Manor (TX),Public Assist,Normal,Bird,Intact Female,1 year,Chicken,Brown/Black,,2018-09-20 18:30:00,09/20/2018 06:30:00 PM,09/04/2017,Adoption,,Bird,Intact Female,1 year,Chicken,Brown/Black,16 days 05:28:00
A725364,,2016-04-28 13:39:00,04/28/2016 01:39:00 PM,9200 North Plaza in Austin (TX),Stray,Normal,Bird,Unknown,6 months,Chicken Mix,Tricolor,,2016-05-02 17:06:00,05/02/2016 05:06:00 PM,10/28/2015,Adoption,,Bird,Unknown,6 months,Chicken Mix,Tricolor,4 days 03:27:00
A771819,,2018-05-10 12:06:00,05/10/2018 12:06:00 PM,12112 Lavinia Ln in Austin (TX),Stray,Normal,Bird,Unknown,4 weeks,Chicken Mix,Yellow,,2018-05-24 11:37:00,05/24/2018 11:37:00 AM,04/10/2018,Adoption,Foster,Bird,Unknown,1 month,Chicken Mix,Yellow,13 days 23:31:00
A747027,,2017-04-12 16:31:00,04/12/2017 04:31:00 PM,8304 Franwood in Austin (TX),Stray,Injured,Bird,Unknown,1 year,Quaker Mix,Blue,,2017-05-20 12:54:00,05/20/2017 12:54:00 PM,04/12/2016,Adoption,Foster,Bird,Unknown,1 year,Quaker Mix,Blue,37 days 20:23:00
A722603,,2016-03-19 13:07:00,03/19/2016 01:07:00 PM,Old Lockhart Rd in Travis (TX),Public Assist,Normal,Bird,Intact Male,1 year,Chicken Mix,White/Tan,,2016-04-16 00:00:00,04/16/2016 12:00:00 AM,03/19/2015,Adoption,,Bird,Intact Male,1 year,Chicken Mix,White/Tan,27 days 10:53:00
A720730,Rooster 14,2016-02-14 16:02:00,02/14/2016 04:02:00 PM,21413 Webber Oaks Cv in Travis (TX),Public Assist,Normal,Bird,Intact Male,1 year,Chicken Mix,Yellow/Black,Rooster 14,2016-03-08 14:34:00,03/08/2016 02:34:00 PM,02/14/2015,Adoption,,Bird,Intact Male,1 year,Chicken Mix,Yellow/Black,22 days 22:32:00
A815401,Peaches,2020-03-15 11:15:00,03/15/2020 11:15:00 AM,Lago Vista (TX),Owner Surrender,Normal,Bird,Unknown,1 year,Parakeet,White,Peaches,2020-03-27 06:59:00,03/27/2020 06:59:00 AM,03/15/2019,Adoption,Foster,Bird,Unknown,1 year,Parakeet,White,11 days 19:44:00
A773691,,2018-06-04 13:06:00,06/04/2018 01:06:00 PM,3065 Ferguson Dr in Austin (TX),Wildlife,Normal,Bird,Intact Female,3 years,Parakeet Mix,White/Blue,,2018-06-08 11:02:00,06/08/2018 11:02:00 AM,06/04/2015,Adoption,,Bird,Intact Female,3 years,Parakeet Mix,White/Blue,3 days 21:56:00
A734521,,2016-09-08 14:50:00,09/08/2016 02:50:00 PM,7014 Asbury in Austin (TX),Stray,Injured,Bird,Unknown,1 year,Cockatoo Mix,White,,2016-09-14 12:40:00,09/14/2016 12:40:00 PM,09/08/2015,Adoption,Foster,Bird,Unknown,1 year,Cockatoo Mix,White,5 days 21:50:00
A816196,,2020-04-09 12:33:00,04/09/2020 12:33:00 PM,8300 Bluff Springs Road in Travis (TX),Stray,Normal,Bird,Unknown,1 year,Parakeet,Green/Yellow,,2020-04-16 11:37:00,04/16/2020 11:37:00 AM,04/09/2019,Adoption,Foster,Bird,Unknown,1 year,Parakeet,Green/Yellow,6 days 23:04:00
A779665,,2018-09-04 13:02:00,09/04/2018 01:02:00 PM,107 E Brenham St in Manor (TX),Public Assist,Normal,Bird,Intact Male,1 year,Chicken,Red/Black,,2018-09-30 16:39:00,09/30/2018 04:39:00 PM,09/04/2017,Adoption,,Bird,Intact Male,1 year,Chicken,Red/Black,26 days 03:37:00
A825549,,2020-11-05 21:50:00,11/05/2020 09:50:00 PM,4800 Hale in Austin (TX),Public Assist,Normal,Bird,Unknown,1 year,Cockatiel,White/Yellow,,2020-11-14 13:24:00,11/14/2020 01:24:00 PM,11/05/2019,Adoption,,Bird,Unknown,1 year,Cockatiel,White/Yellow,8 days 15:34:00
A695476,,2015-01-16 13:23:00,01/16/2015 01:23:00 PM,3205 Dolphin Dr in Austin (TX),Stray,Normal,Bird,Intact Male,2 years,Turkey Mix,Brown/White,,2015-01-26 10:53:00,01/26/2015 10:53:00 AM,01/16/2013,Adoption,,Bird,Intact Male,2 years,Turkey Mix,Brown/White,9 days 21:30:00
A722312,,2016-03-14 15:08:00,03/14/2016 03:08:00 PM,W Rundberg Ln And Meadow Vale in Austin (TX),Stray,Normal,Bird,Unknown,1 year,Parakeet Mix,White,,2016-03-19 14:33:00,03/19/2016 02:33:00 PM,03/14/2015,Adoption,,Bird,Unknown,1 year,Parakeet Mix,White,4 days 23:25:00
A779683,,2018-09-04 13:02:00,09/04/2018 01:02:00 PM,107 E Brenham St in Manor (TX),Public Assist,Normal,Bird,Intact Male,1 year,Chicken,Yellow/Red,,2018-09-30 16:40:00,09/30/2018 04:40:00 PM,09/04/2017,Adoption,,Bird,Intact Male,1 year,Chicken,Yellow/Red,26 days 03:38:00
A761209,,2017-10-31 15:49:00,10/31/2017 03:49:00 PM,Austin (TX),Owner Surrender,Normal,Bird,Intact Male,7 months,Chicken Mix,Brown,,2017-11-04 18:37:00,11/04/2017 06:37:00 PM,03/31/2017,Adoption,,Bird,Intact Male,7 months,Chicken Mix,Brown,4 days 02:48:00
A720722,Rooster 6,2016-02-14 16:02:00,02/14/2016 04:02:00 PM,21413 Webber Oaks Cv in Travis (TX),Public Assist,Normal,Bird,Intact Male,1 year,Chicken Mix,Black/Chocolate,Rooster 6,2016-03-08 16:05:00,03/08/2016 04:05:00 PM,02/14/2015,Adoption,,Bird,Intact Male,1 year,Chicken Mix,Black/Chocolate,23 days 00:03:00
A797895,Mothra,2019-06-19 10:22:00,06/19/2019 10:22:00 AM,Austin (TX),Owner Surrender,Normal,Bird,Intact Female,8 years,Dove,Gray/White,Mothra,2019-06-27 14:14:00,06/27/2019 02:14:00 PM,06/19/2011,Adoption,,Bird,Intact Female,8 years,Dove,Gray/White,8 days 03:52:00
A779666,,2018-09-04 13:02:00,09/04/2018 01:02:00 PM,107 E Brenham St in Manor (TX),Public Assist,Normal,Bird,Intact Male,1 year,Chicken,Red/Black,,2018-10-11 17:53:00,10/11/2018 05:53:00 PM,09/04/2017,Adoption,,Bird,Intact Male,1 year,Chicken,Red/Black,37 days 04:51:00
A706617,,2015-06-30 22:08:00,06/30/2015 10:08:00 PM,16672 Round Mountain in Travis (TX),Public Assist,Normal,Bird,Unknown,2 years,Pigeon,Tan,,2015-07-23 16:49:00,07/23/2015 04:49:00 PM,06/30/2013,Adoption,,Bird,Unknown,2 years,Pigeon,Tan,22 days 18:41:00
A779687,,2018-09-04 13:02:00,09/04/2018 01:02:00 PM,107 E Brenham St in Manor (TX),Public Assist,Normal,Bird,Intact Female,1 year,Chicken,Black/Brown,,2018-09-22 19:34:00,09/22/2018 07:34:00 PM,09/04/2017,Adoption,,Bird,Intact Female,1 year,Chicken,Black/Brown,18 days 06:32:00
A747816,,2017-04-25 11:53:00,04/25/2017 11:53:00 AM,5808 Mckinney Falls Pkwy in Austin (TX),Stray,Normal,Bird,Intact Female,1 year,Parakeet,Green/Yellow,,2017-05-01 14:55:00,05/01/2017 02:55:00 PM,04/25/2016,Adoption,,Bird,Intact Female,1 year,Parakeet,Green/Yellow,6 days 03:02:00
A779680,,2018-09-04 13:02:00,09/04/2018 01:02:00 PM,107 E Brenham St in Manor (TX),Public Assist,Normal,Bird,Intact Female,1 year,Chicken,Black/White,,2018-09-22 19:35:00,09/22/2018 07:35:00 PM,09/04/2017,Adoption,,Bird,Intact Female,1 year,Chicken,Black/White,18 days 06:33:00
A753968,,2017-07-13 16:57:00,07/13/2017 04:57:00 PM,7201 Levander Loop in Austin (TX),Stray,Normal,Bird,Unknown,1 year,Chicken Mix,Red,,2017-07-22 18:10:00,07/22/2017 06:10:00 PM,07/13/2016,Adoption,Foster,Bird,Unknown,1 year,Chicken Mix,Red,9 days 01:13:00
A720734,Rooster 18,2016-02-14 16:02:00,02/14/2016 04:02:00 PM,21413 Webber Oaks Cv in Travis (TX),Public Assist,Normal,Bird,Intact Male,1 year,Chicken Mix,Black/Chocolate,Rooster 18,2016-03-08 15:07:00,03/08/2016 03:07:00 PM,02/14/2015,Adoption,,Bird,Intact Male,1 year,Chicken Mix,Black/Chocolate,22 days 23:05:00
A769957,,2018-04-13 10:25:00,04/13/2018 10:25:00 AM,4603 Cedar Point in Austin (TX),Stray,Normal,Bird,Intact Male,2 years,Peafowl Mix,Green/Blue,,2018-04-15 15:23:00,04/15/2018 03:23:00 PM,04/13/2016,Adoption,,Bird,Intact Male,2 years,Peafowl Mix,Green/Blue,2 days 04:58:00
A823434,,2020-09-23 15:25:00,09/23/2020 03:25:00 PM,8304 Sage Mountain Trail in Austin (TX),Stray,Normal,Bird,Unknown,2 years,Parakeet,White/Blue,,2020-10-01 14:34:00,10/01/2020 02:34:00 PM,09/23/2018,Adoption,,Bird,Unknown,2 years,Parakeet,White/Blue,7 days 23:09:00
A694120,,2014-12-20 15:39:00,12/20/2014 03:39:00 PM,Austin (TX),Owner Surrender,Normal,Bird,Unknown,1 year,Finch,Gray/Black,,2014-12-21 18:03:00,12/21/2014 06:03:00 PM,12/20/2013,Adoption,,Bird,Unknown,1 year,Finch,Gray/Black,1 days 02:24:00
A769962,Coconuts,2018-04-13 11:42:00,04/13/2018 11:42:00 AM,Austin (TX),Owner Surrender,Normal,Bird,Intact Male,5 months,Chicken Mix,Red/White,Coconuts,2018-04-13 14:01:00,04/13/2018 02:01:00 PM,10/13/2017,Adoption,,Bird,Intact Male,5 months,Chicken Mix,Red/White,0 days 02:19:00
A728651,,2016-06-06 16:10:00,06/06/2016 04:10:00 PM,3308 Hampton Rd in Austin (TX),Stray,Normal,Bird,Intact Male,1 year,Chicken Mix,Black,,2016-06-15 12:58:00,06/15/2016 12:58:00 PM,06/06/2015,Adoption,,Bird,Intact Male,1 year,Chicken Mix,Black,8 days 20:48:00
A726038,,2016-05-05 13:27:00,05/05/2016 01:27:00 PM,7201 Levander Loop in Austin (TX),Stray,Normal,Bird,Unknown,1 year,Chicken Mix,Black/Red,,2016-05-10 14:24:00,05/10/2016 02:24:00 PM,05/05/2015,Adoption,,Bird,Unknown,1 year,Chicken Mix,Black/Red,5 days 00:57:00
A720726,Rooster 10,2016-02-14 16:02:00,02/14/2016 04:02:00 PM,21413 Webber Oaks Cv in Travis (TX),Public Assist,Normal,Bird,Intact Male,1 year,Chicken Mix,Red/Black,Rooster 10,2016-03-08 14:07:00,03/08/2016 02:07:00 PM,02/14/2015,Adoption,,Bird,Intact Male,1 year,Chicken Mix,Red/Black,22 days 22:05:00
A788215,,2019-01-28 15:14:00,01/28/2019 03:14:00 PM,Austin (TX),Owner Surrender,Normal,Bird,Unknown,2 years,Parakeet Mix,Green/Yellow,,2019-01-30 10:47:00,01/30/2019 10:47:00 AM,01/28/2017,Adoption,,Bird,Unknown,2 years,Parakeet Mix,Green/Yellow,1 days 19:33:00
A718594,Chatterbox,2016-01-02 15:58:00,01/02/2016 03:58:00 PM,E 17Th St And Loreta St in Austin (TX),Stray,Normal,Bird,Intact Male,2 years,Budgerigar,Blue/Yellow,Chatterbox,2016-01-09 18:57:00,01/09/2016 06:57:00 PM,01/02/2014,Adoption,Foster,Bird,Intact Male,2 years,Budgerigar,Blue/Yellow,7 days 02:59:00
A779690,,2018-09-04 13:02:00,09/04/2018 01:02:00 PM,107 E Brenham St Side B in Manor (TX),Public Assist,Normal,Bird,Intact Female,1 year,Chicken,White,,2018-09-20 18:30:00,09/20/2018 06:30:00 PM,09/04/2017,Adoption,,Bird,Intact Female,1 year,Chicken,White,16 days 05:28:00
A749157,,2017-05-11 16:23:00,05/11/2017 04:23:00 PM,5401 E Martin Luther King Jr Blvd in Austin (TX),Stray,Normal,Bird,Unknown,7 months,Duck,Yellow,,2017-05-15 09:32:00,05/15/2017 09:32:00 AM,09/11/2016,Adoption,Foster,Bird,Unknown,8 months,Duck,Yellow,3 days 17:09:00
A780366,Donald,2018-09-13 17:46:00,09/13/2018 05:46:00 PM,Austin (TX),Owner Surrender,Normal,Bird,Unknown,2 months,Duck Mix,Black,Donald,2018-09-13 17:59:00,09/13/2018 05:59:00 PM,07/13/2018,Adoption,,Bird,Unknown,2 months,Duck Mix,Black,0 days 00:13:00
A702293,,2015-05-11 18:26:00,05/11/2015 06:26:00 PM,6912 Nubian Ln in Austin (TX),Stray,Normal,Bird,Unknown,3 days,Duck Mix,Yellow/Black,,2015-05-11 18:33:00,05/11/2015 06:33:00 PM,05/08/2015,Adoption,,Bird,Unknown,3 days,Duck Mix,Yellow/Black,0 days 00:07:00
A720728,Rooster 12,2016-02-14 16:02:00,02/14/2016 04:02:00 PM,21413 Webber Oaks Cv in Travis (TX),Public Assist,Normal,Bird,Intact Male,1 year,Chicken Mix,Black/Cream,Rooster 12,2016-03-08 14:24:00,03/08/2016 02:24:00 PM,02/14/2015,Adoption,,Bird,Intact Male,1 year,Chicken Mix,Black/Cream,22 days 22:22:00
A701871,,2015-05-05 15:10:00,05/05/2015 03:10:00 PM,1100 E 3Rd St in Austin (TX),Stray,Normal,Bird,Intact Male,1 year,Chicken,Yellow/White,,2015-05-09 18:54:00,05/09/2015 06:54:00 PM,05/05/2014,Adoption,,Bird,Intact Male,1 year,Chicken,Yellow/White,4 days 03:44:00
A693590,,2014-12-11 11:07:00,12/11/2014 11:07:00 AM,6405 Aden Ln in Austin (TX),Stray,Normal,Bird,Intact Male,1 year,Chicken Mix,Red/Green,,2014-12-19 15:37:00,12/19/2014 03:37:00 PM,12/11/2013,Adoption,,Bird,Intact Male,1 year,Chicken Mix,Red/Green,8 days 04:30:00
A722604,,2016-03-19 13:07:00,03/19/2016 01:07:00 PM,Old Lockhart Rd in Travis (TX),Public Assist,Normal,Bird,Intact Male,1 year,Chicken Mix,Yellow,,2016-05-04 14:45:00,05/04/2016 02:45:00 PM,03/19/2015,Adoption,,Bird,Intact Male,1 year,Chicken Mix,Yellow,46 days 01:38:00
A773032,,2018-05-26 14:28:00,05/26/2018 02:28:00 PM,8101 San Felipe in Austin (TX),Stray,Normal,Bird,Unknown,1 year,Parakeet Mix,White,,2018-05-31 17:53:00,05/31/2018 05:53:00 PM,05/26/2017,Adoption,,Bird,Unknown,1 year,Parakeet Mix,White,5 days 03:25:00
A720741,Rooster 25,2016-02-14 16:02:00,02/14/2016 04:02:00 PM,21413 Webber Oaks Cv in Travis (TX),Public Assist,Normal,Bird,Intact Male,1 year,Chicken Mix,Red/Brown,Rooster 25,2016-03-08 16:06:00,03/08/2016 04:06:00 PM,02/14/2015,Adoption,,Bird,Intact Male,1 year,Chicken Mix,Red/Brown,23 days 00:04:00
A738762,,2016-11-20 13:23:00,11/20/2016 01:23:00 PM,Guadalupe St & W 24Th St in Austin (TX),Stray,Normal,Bird,Intact Female,5 months,Rhode Island Mix,Red,,2016-11-27 10:29:00,11/27/2016 10:29:00 AM,05/26/2016,Adoption,,Bird,Intact Female,6 months,Rhode Island Mix,Red,6 days 21:06:00
A779659,,2018-09-04 13:02:00,09/04/2018 01:02:00 PM,107 E Brenham St in Manor (TX),Public Assist,Normal,Bird,Intact Female,1 year,Chicken,Brown,,2018-09-22 19:20:00,09/22/2018 07:20:00 PM,09/04/2017,Adoption,,Bird,Intact Female,1 year,Chicken,Brown,18 days 06:18:00
A809275,,2019-11-22 11:02:00,11/22/2019 11:02:00 AM,3809 South 2Nd Street in Austin (TX),Stray,Normal,Bird,Unknown,1 year,Parrot,Green/Gray,,2019-11-29 18:23:00,11/29/2019 06:23:00 PM,11/22/2018,Adoption,,Bird,Unknown,1 year,Parrot,Green/Gray,7 days 07:21:00
A779671,,2018-09-04 13:02:00,09/04/2018 01:02:00 PM,107 E Brenham St in Manor (TX),Public Assist,Normal,Bird,Intact Female,1 year,Chicken,Red/Black,,2018-09-22 19:35:00,09/22/2018 07:35:00 PM,09/04/2017,Adoption,,Bird,Intact Female,1 year,Chicken,Red/Black,18 days 06:33:00
A800230,,2019-07-18 14:53:00,07/18/2019 02:53:00 PM,1214 Oltorf St in Austin (TX),Stray,Normal,Bird,Intact Female,1 year,Chicken,Black,,2019-07-25 16:33:00,07/25/2019 04:33:00 PM,07/18/2018,Adoption,,Bird,Intact Female,1 year,Chicken,Black,7 days 01:40:00
A779213,,2018-08-27 19:02:00,08/27/2018 07:02:00 PM,7597 Chevy Chase Drive in Austin (TX),Stray,Normal,Bird,Unknown,1 year,Quaker Mix,Green/Silver,,2018-09-07 11:17:00,09/07/2018 11:17:00 AM,08/27/2017,Adoption,Foster,Bird,Unknown,1 year,Quaker Mix,Green/Silver,10 days 16:15:00
A809525,,2019-11-25 18:52:00,11/25/2019 06:52:00 PM,8417 Jamestown Drive in Austin (TX),Stray,Normal,Bird,Unknown,4 months,Parakeet,White/Gray,,2019-11-30 11:33:00,11/30/2019 11:33:00 AM,07/25/2019,Adoption,,Bird,Unknown,4 months,Parakeet,White/Gray,4 days 16:41:00
A779677,,2018-09-04 13:02:00,09/04/2018 01:02:00 PM,107 E Brenham St in Manor (TX),Public Assist,Normal,Bird,Intact Male,1 year,Chicken,Red/White,,2018-09-22 19:36:00,09/22/2018 07:36:00 PM,09/04/2017,Adoption,,Bird,Intact Male,1 year,Chicken,Red/White,18 days 06:34:00
A677505,,2014-04-25 15:26:00,04/25/2014 03:26:00 PM,3002 E 18 1/2 St in Austin (TX),Stray,Normal,Bird,Intact Male,2 years,Bantam Mix,White,,2014-05-06 18:40:00,05/06/2014 06:40:00 PM,04/25/2012,Adoption,,Bird,Intact Male,2 years,Bantam Mix,White,11 days 03:14:00
A677676,,2014-04-27 17:21:00,04/27/2014 05:21:00 PM,3002 E 18 1/2 St in Austin (TX),Stray,Normal,Bird,Intact Male,2 years,Bantam Mix,White,,2014-05-06 18:40:00,05/06/2014 06:40:00 PM,04/25/2012,Adoption,,Bird,Intact Male,2 years,Bantam Mix,White,9 days 01:19:00
A754474,*Elvis,2017-07-21 12:34:00,07/21/2017 12:34:00 PM,5509 Exeter Dr in Austin (TX),Stray,Normal,Bird,Unknown,2 years,Muscovy,Tricolor,*Elvis,2017-07-31 16:34:00,07/31/2017 04:34:00 PM,07/21/2015,Adoption,,Bird,Unknown,2 years,Muscovy,Tricolor,10 days 04:00:00
A781544,,2018-10-01 13:25:00,10/01/2018 01:25:00 PM,Austin (TX),Owner Surrender,Normal,Bird,Intact Male,2 years,Chicken Mix,Red,,2018-10-11 17:53:00,10/11/2018 05:53:00 PM,10/01/2016,Adoption,,Bird,Intact Male,2 years,Chicken Mix,Red,10 days 04:28:00
A773472,,2018-06-01 14:06:00,06/01/2018 02:06:00 PM,Fm 2222 & Fm 620 in Austin (TX),Wildlife,Normal,Bird,Intact Female,3 years,Peafowl Mix,Gray/Green,,2018-06-15 10:50:00,06/15/2018 10:50:00 AM,06/01/2015,Adoption,Foster,Bird,Intact Female,3 years,Peafowl Mix,Gray/Green,13 days 20:44:00
A695477,,2015-01-16 13:23:00,01/16/2015 01:23:00 PM,3205 Dolphin Dr in Austin (TX),Stray,Normal,Bird,Intact Female,2 years,Turkey Mix,Brown/White,,2015-01-27 10:39:00,01/27/2015 10:39:00 AM,01/16/2013,Adoption,,Bird,Intact Female,2 years,Turkey Mix,Brown/White,10 days 21:16:00
A733024,Cabana,2016-08-16 11:47:00,08/16/2016 11:47:00 AM,Travis (TX),Owner Surrender,Normal,Bird,Intact Female,4 years,Cockatoo,White/Yellow,Cabana,2016-08-18 09:21:00,08/18/2016 09:21:00 AM,08/16/2012,Adoption,,Bird,Intact Female,4 years,Cockatoo,White/Yellow,1 days 21:34:00
A734515,Cogburn,2016-09-08 02:50:00,09/08/2016 02:50:00 AM,10300 E 290 in Travis (TX),Public Assist,Normal,Bird,Unknown,1 year,Chicken Mix,Brown/Red,Cogburn,2016-09-15 13:19:00,09/15/2016 01:19:00 PM,09/08/2015,Adoption,,Bird,Unknown,1 year,Chicken Mix,Brown/Red,7 days 10:29:00
A723578,,2016-04-03 14:29:00,04/03/2016 02:29:00 PM,7820 Elkhorn Mountain Trl in Austin (TX),Stray,Injured,Bird,Intact Female,1 year,Chicken,Red,,2016-04-07 14:19:00,04/07/2016 02:19:00 PM,04/03/2015,Adoption,,Bird,Intact Female,1 year,Chicken,Red,3 days 23:50:00
A784081,Apollo,2018-11-11 12:37:00,11/11/2018 12:37:00 PM,Austin (TX),Owner Surrender,Normal,Bird,Intact Male,2 years,Conure Mix,Green/Red,Apollo,2018-11-11 18:04:00,11/11/2018 06:04:00 PM,05/11/2016,Adoption,,Bird,Intact Male,2 years,Conure Mix,Green/Red,0 days 05:27:00
A793323,,2019-04-23 15:05:00,04/23/2019 03:05:00 PM,2824 Rio Grande Street in Austin (TX),Stray,Normal,Bird,Unknown,1 year,Parakeet Mix,Blue/White,,2019-04-27 12:37:00,04/27/2019 12:37:00 PM,04/23/2018,Adoption,,Bird,Unknown,1 year,Parakeet Mix,Blue/White,3 days 21:32:00
A733254,,2016-08-19 13:24:00,08/19/2016 01:24:00 PM,13309 Vizquel Loop in Austin (TX),Stray,Normal,Bird,Intact Female,4 months,Chicken Mix,Brown/Black,,2016-08-24 13:44:00,08/24/2016 01:44:00 PM,04/19/2016,Adoption,,Bird,Intact Female,4 months,Chicken Mix,Brown/Black,5 days 00:20:00
A675898,Java,2014-04-02 11:53:00,04/02/2014 11:53:00 AM,Austin (TX),Owner Surrender,Normal,Bird,Intact Female,6 years,Cockatiel Mix,Gray/Yellow,Java,2014-04-26 11:57:00,04/26/2014 11:57:00 AM,04/02/2008,Adoption,Foster,Bird,Intact Female,6 years,Cockatiel Mix,Gray/Yellow,24 days 00:04:00
A706618,,2015-06-30 22:08:00,06/30/2015 10:08:00 PM,16672 Round Mountain in Travis (TX),Public Assist,Normal,Bird,Unknown,2 years,Pigeon,White,,2015-07-23 16:49:00,07/23/2015 04:49:00 PM,06/30/2013,Adoption,,Bird,Unknown,2 years,Pigeon,White,22 days 18:41:00
A823617,,2020-09-27 10:18:00,09/27/2020 10:18:00 AM,500 West Canyon Ridge Drive in Austin (TX),Stray,Normal,Bird,Unknown,2 years,Chicken,Black,,2020-10-01 14:34:00,10/01/2020 02:34:00 PM,09/27/2018,Adoption,,Bird,Unknown,2 years,Chicken,Black,4 days 04:16:00
A724460,Daffy,2016-04-17 19:03:00,04/17/2016 07:03:00 PM,Camacho St And Mattie St in Austin (TX),Stray,Normal,Bird,Intact Female,4 months,Duck Mix,White,Daffy,2016-04-27 17:36:00,04/27/2016 05:36:00 PM,12/17/2015,Adoption,Foster,Bird,Intact Female,4 months,Duck Mix,White,9 days 22:33:00
A748817,,2017-05-07 13:13:00,05/07/2017 01:13:00 PM,505 W 22Nd St in Austin (TX),Stray,Normal,Bird,Unknown,4 months,Duck Mix,Yellow,,2017-05-11 18:36:00,05/11/2017 06:36:00 PM,12/07/2016,Adoption,,Bird,Unknown,5 months,Duck Mix,Yellow,4 days 05:23:00
A765059,,2018-01-12 11:50:00,01/12/2018 11:50:00 AM,4616 N Ih 35 in Austin (TX),Stray,Normal,Bird,Intact Female,1 year,Chicken Mix,Black/White,,2018-01-29 19:42:00,01/29/2018 07:42:00 PM,01/12/2017,Adoption,Foster,Bird,Intact Female,1 year,Chicken Mix,Black/White,17 days 07:52:00
A779929,,2018-09-06 18:46:00,09/06/2018 06:46:00 PM,101 Sandra Muraida Way in Austin (TX),Stray,Normal,Bird,Unknown,1 year,Parrot Mix,Green,,2018-09-10 11:15:00,09/10/2018 11:15:00 AM,09/06/2017,Adoption,,Bird,Unknown,1 year,Parrot Mix,Green,3 days 16:29:00
A722593,,2016-03-19 11:39:00,03/19/2016 11:39:00 AM,Austin (TX),Owner Surrender,Normal,Bird,Unknown,0 years,Duck Mix,Yellow,,2016-03-24 12:37:00,03/24/2016 12:37:00 PM,03/19/2016,Adoption,Foster,Bird,Unknown,5 days,Duck Mix,Yellow,5 days 00:58:00
A779674,,2018-09-04 13:02:00,09/04/2018 01:02:00 PM,107 E Brenham St in Manor (TX),Public Assist,Normal,Bird,Intact Male,1 year,Chicken,Red/Black,,2018-09-30 16:36:00,09/30/2018 04:36:00 PM,09/04/2017,Adoption,,Bird,Intact Male,1 year,Chicken,Red/Black,26 days 03:34:00
A720724,Rooster 8,2016-02-14 16:02:00,02/14/2016 04:02:00 PM,21413 Webber Oaks Cv in Travis (TX),Public Assist,Normal,Bird,Intact Male,1 year,Chicken Mix,Red/Black,Rooster 8,2016-03-08 13:49:00,03/08/2016 01:49:00 PM,02/14/2015,Adoption,,Bird,Intact Male,1 year,Chicken Mix,Red/Black,22 days 21:47:00
A744090,Marley,2017-02-23 08:15:00,02/23/2017 08:15:00 AM,45Th & Duval in Austin (TX),Stray,Injured,Bird,Intact Male,1 year,Parakeet Mix,Green/Black,Marley,2017-03-30 07:43:00,03/30/2017 07:43:00 AM,02/23/2016,Adoption,Foster,Bird,Intact Male,1 year,Parakeet Mix,Green/Black,34 days 23:28:00
A727626,,2016-05-23 20:04:00,05/23/2016 08:04:00 PM,2906 Martin Luther King Jr in Austin (TX),Stray,Normal,Bird,Intact Female,1 year,Chicken Mix,Brown/Red,,2016-06-06 11:55:00,06/06/2016 11:55:00 AM,05/23/2015,Adoption,,Bird,Intact Female,1 year,Chicken Mix,Brown/Red,13 days 15:51:00
A720738,Rooster 22,2016-02-14 16:02:00,02/14/2016 04:02:00 PM,21413 Webber Oaks Cv in Travis (TX),Public Assist,Normal,Bird,Intact Male,1 year,Chicken Mix,Black/Chocolate,Rooster 22,2016-03-08 19:57:00,03/08/2016 07:57:00 PM,02/14/2015,Adoption,,Bird,Intact Male,1 year,Chicken Mix,Black/Chocolate,23 days 03:55:00
A720717,Rooster 1,2016-02-14 16:02:00,02/14/2016 04:02:00 PM,21413 Webber Oaks Cv in Travis (TX),Public Assist,Normal,Bird,Intact Male,1 year,Chicken Mix,Black/Cream,Rooster 1,2016-03-08 14:15:00,03/08/2016 02:15:00 PM,02/14/2015,Adoption,,Bird,Intact Male,1 year,Chicken Mix,Black/Cream,22 days 22:13:00
A750283,,2017-05-25 11:23:00,05/25/2017 11:23:00 AM,205 Natali in Austin (TX),Stray,Normal,Bird,Unknown,4 weeks,Chicken Mix,Gray,,2017-05-29 14:20:00,05/29/2017 02:20:00 PM,04/25/2017,Adoption,,Bird,Unknown,4 weeks,Chicken Mix,Gray,4 days 02:57:00
A727058,,2016-05-17 15:32:00,05/17/2016 03:32:00 PM,13208 Lipton Loop in Del Valle (TX),Stray,Normal,Bird,Unknown,1 year,Parakeet Mix,Green/Blue,,2016-05-21 11:47:00,05/21/2016 11:47:00 AM,05/17/2015,Adoption,,Bird,Unknown,1 year,Parakeet Mix,Green/Blue,3 days 20:15:00
A779664,,2018-09-04 13:02:00,09/04/2018 01:02:00 PM,107 E Brenham St in Manor (TX),Public Assist,Normal,Bird,Intact Male,1 year,Chicken,Red/Black,,2018-09-21 17:31:00,09/21/2018 05:31:00 PM,09/04/2017,Adoption,,Bird,Intact Male,1 year,Chicken,Red/Black,17 days 04:29:00
A672939,,2014-02-18 14:42:00,02/18/2014 02:42:00 PM,Circle Drive in Austin (TX),Stray,Normal,Bird,Intact Male,1 year,Chicken,Red/Black,,2014-03-03 12:16:00,03/03/2014 12:16:00 PM,02/18/2013,Adoption,,Bird,Intact Male,1 year,Chicken,Red/Black,12 days 21:34:00
A785008,,2018-11-24 18:41:00,11/24/2018 06:41:00 PM,440 East Saintt Elmo Road in Austin (TX),Stray,Normal,Bird,Unknown,1 year,Parakeet Mix,Blue,,2018-11-30 15:19:00,11/30/2018 03:19:00 PM,11/24/2017,Adoption,,Bird,Unknown,1 year,Parakeet Mix,Blue,5 days 20:38:00
A740019,Greeki,2016-12-10 12:27:00,12/10/2016 12:27:00 PM,1145 Gunter St in Austin (TX),Stray,Normal,Bird,Unknown,1 year,Cockatiel Mix,Gray/White,Greeki,2016-12-12 17:35:00,12/12/2016 05:35:00 PM,12/10/2015,Adoption,,Bird,Unknown,1 year,Cockatiel Mix,Gray/White,2 days 05:08:00
A666232,,2013-10-29 11:09:00,10/29/2013 11:09:00 AM,4808 Creek Bend Dr in Austin (TX),Stray,Injured,Bird,Unknown,1 year,Pigeon Mix,Gray,,2013-11-03 19:02:00,11/03/2013 07:02:00 PM,10/29/2012,Adoption,,Bird,Unknown,1 year,Pigeon Mix,Gray,5 days 07:53:00
A752206,,2017-06-19 16:22:00,06/19/2017 04:22:00 PM,2700 W Anderson Ln in Austin (TX),Stray,Normal,Bird,Unknown,2 weeks,Duck Mix,Yellow,,2017-06-23 15:36:00,06/23/2017 03:36:00 PM,06/04/2017,Adoption,,Bird,Unknown,2 weeks,Duck Mix,Yellow,3 days 23:14:00
A724341,,2016-04-16 07:56:00,04/16/2016 07:56:00 AM,5706 Nancy Drive in Austin (TX),Stray,Injured,Bird,Intact Male,2 years,Chicken Mix,Black/Red,,2016-05-04 14:44:00,05/04/2016 02:44:00 PM,04/15/2014,Adoption,,Bird,Intact Male,2 years,Chicken Mix,Black/Red,18 days 06:48:00
A720727,Rooster 11,2016-02-14 16:02:00,02/14/2016 04:02:00 PM,21413 Webber Oaks Cv in Travis (TX),Public Assist,Normal,Bird,Intact Male,1 year,Chicken Mix,Black/Red,Rooster 11,2016-03-08 13:47:00,03/08/2016 01:47:00 PM,02/14/2015,Adoption,,Bird,Intact Male,1 year,Chicken Mix,Black/Red,22 days 21:45:00
A714136,,2015-10-18 13:55:00,10/18/2015 01:55:00 PM,5300 S Mopac in Austin (TX),Stray,Normal,Bird,Unknown,1 year,Cockatiel Mix,Green/Yellow,,2015-10-22 11:35:00,10/22/2015 11:35:00 AM,10/18/2014,Adoption,,Bird,Unknown,1 year,Cockatiel Mix,Green/Yellow,3 days 21:40:00
A761210,,2017-10-31 15:49:00,10/31/2017 03:49:00 PM,Austin (TX),Owner Surrender,Normal,Bird,Intact Male,7 months,Chicken Mix,White,,2017-11-04 18:37:00,11/04/2017 06:37:00 PM,03/31/2017,Adoption,,Bird,Intact Male,7 months,Chicken Mix,White,4 days 02:48:00
A720737,Rooster 21,2016-02-14 16:02:00,02/14/2016 04:02:00 PM,21413 Webber Oaks Cv in Travis (TX),Public Assist,Normal,Bird,Intact Male,1 year,Chicken Mix,Red/Black,Rooster 21,2016-03-08 15:19:00,03/08/2016 03:19:00 PM,02/14/2015,Adoption,,Bird,Intact Male,1 year,Chicken Mix,Red/Black,22 days 23:17:00
A779691,,2018-09-04 13:02:00,09/04/2018 01:02:00 PM,107 E Brenham St in Manor (TX),Public Assist,Normal,Bird,Intact Female,1 year,Chicken,Brown,,2018-09-23 17:06:00,09/23/2018 05:06:00 PM,09/04/2017,Adoption,,Bird,Intact Female,1 year,Chicken,Brown,19 days 04:04:00
A796316,,2019-05-31 12:27:00,05/31/2019 12:27:00 PM,1833 Cheddar Loop in Austin (TX),Stray,Normal,Bird,Unknown,1 year,Parakeet,Yellow,,2019-06-05 10:53:00,06/05/2019 10:53:00 AM,05/31/2018,Adoption,,Bird,Unknown,1 year,Parakeet,Yellow,4 days 22:26:00
A695478,,2015-01-16 13:23:00,01/16/2015 01:23:00 PM,3205 Dolphin Dr in Austin (TX),Stray,Normal,Bird,Intact Male,2 years,Guinea Mix,Brown/White,,2015-01-26 10:54:00,01/26/2015 10:54:00 AM,01/16/2013,Adoption,,Bird,Intact Male,2 years,Guinea Mix,Brown/White,9 days 21:31:00
A714243,,2015-10-20 11:15:00,10/20/2015 11:15:00 AM,1904 Cannonwood Ln in Austin (TX),Stray,Injured,Bird,Unknown,6 months,Chicken Mix,White,,2015-11-10 10:47:00,11/10/2015 10:47:00 AM,04/20/2015,Adoption,,Bird,Unknown,6 months,Chicken Mix,White,20 days 23:32:00
A686687,,2014-08-25 13:29:00,08/25/2014 01:29:00 PM,Georgian And Pernell in Austin (TX),Stray,Normal,Bird,Unknown,1 year,Cockatiel,Gray/White,,2014-08-29 18:25:00,08/29/2014 06:25:00 PM,08/25/2013,Adoption,,Bird,Unknown,1 year,Cockatiel,Gray/White,4 days 04:56:00
A756420,,2017-08-19 13:03:00,08/19/2017 01:03:00 PM,10963 Sprinkle Road in Austin (TX),Stray,Normal,Bird,Unknown,1 month,Parakeet Mix,Green/White,,2017-08-23 17:26:00,08/23/2017 05:26:00 PM,06/19/2017,Adoption,,Bird,Unknown,2 months,Parakeet Mix,Green/White,4 days 04:23:00
A786714,Henrietta,2018-12-31 09:26:00,12/31/2018 09:26:00 AM,5Th And Red River in Austin (TX),Public Assist,Normal,Bird,Intact Female,2 years,Chicken,Black/Gold,Henrietta,2019-01-22 11:14:00,01/22/2019 11:14:00 AM,12/31/2016,Adoption,,Bird,Intact Female,2 years,Chicken,Black/Gold,22 days 01:48:00
A750211,,2017-05-24 13:13:00,05/24/2017 01:13:00 PM,2301 Scarbrough in Austin (TX),Stray,Normal,Bird,Intact Male,1 year,Peafowl Mix,Blue/Green,,2017-05-30 14:06:00,05/30/2017 02:06:00 PM,05/24/2016,Adoption,,Bird,Intact Male,1 year,Peafowl Mix,Blue/Green,6 days 00:53:00
A805691,,2019-09-30 18:04:00,09/30/2019 06:04:00 PM,Chesterfield Avenue And Nelray Boulevard in Austin (TX),Stray,Normal,Bird,Unknown,6 months,Parakeet,Blue/Black,,2019-10-17 12:01:00,10/17/2019 12:01:00 PM,03/30/2019,Adoption,Foster,Bird,Unknown,6 months,Parakeet,Blue/Black,16 days 17:57:00
A769761,,2018-04-09 18:49:00,04/09/2018 06:49:00 PM,Austin (TX),Stray,Normal,Bird,Intact Male,1 year,Chicken Mix,Black/White,,2018-04-25 12:45:00,04/25/2018 12:45:00 PM,04/09/2017,Adoption,,Bird,Intact Male,1 year,Chicken Mix,Black/White,15 days 17:56:00
A779685,,2018-09-04 13:02:00,09/04/2018 01:02:00 PM,107 E Brenham St in Manor (TX),Public Assist,Normal,Bird,Intact Male,1 year,Chicken,Red/Black,,2018-09-21 17:31:00,09/21/2018 05:31:00 PM,09/04/2017,Adoption,,Bird,Intact Male,1 year,Chicken,Red/Black,17 days 04:29:00
A732266,Tucker,2016-08-04 18:58:00,08/04/2016 06:58:00 PM,Austin (TX),Owner Surrender,Normal,Bird,Intact Male,8 years,Duck Mix,Black,Tucker,2016-08-06 12:23:00,08/06/2016 12:23:00 PM,08/04/2008,Adoption,,Bird,Intact Male,8 years,Duck Mix,Black,1 days 17:25:00
A722606,,2016-03-19 13:07:00,03/19/2016 01:07:00 PM,Old Lockhart Rd in Travis (TX),Public Assist,Normal,Bird,Intact Male,1 year,Chicken Mix,Red,,2016-05-03 14:24:00,05/03/2016 02:24:00 PM,03/19/2015,Adoption,,Bird,Intact Male,1 year,Chicken Mix,Red,45 days 01:17:00
A779692,,2018-09-04 13:02:00,09/04/2018 01:02:00 PM,107 E Brenham St in Manor (TX),Public Assist,Normal,Bird,Intact Female,1 year,Chicken,White/Brown,,2018-09-23 10:32:00,09/23/2018 10:32:00 AM,09/04/2017,Adoption,,Bird,Intact Female,1 year,Chicken,White/Brown,18 days 21:30:00
A818738,,2020-06-14 14:33:00,06/14/2020 02:33:00 PM,2601 South Interstate 35 in Austin (TX),Stray,Injured,Bird,Unknown,2 years,Parakeet,Blue/White,,2020-06-20 00:00:00,06/20/2020 12:00:00 AM,06/14/2018,Adoption,,Bird,Unknown,2 years,Parakeet,Blue/White,5 days 09:27:00
A722189,Basil,2016-03-12 13:11:00,03/12/2016 01:11:00 PM,Austin (TX),Owner Surrender,Normal,Bird,Intact Male,18 years,Parrot Mix,Gray/Red,Basil,2016-03-12 19:07:00,03/12/2016 07:07:00 PM,03/12/1998,Adoption,,Bird,Intact Male,18 years,Parrot Mix,Gray/Red,0 days 05:56:00
A771820,,2018-05-10 12:06:00,05/10/2018 12:06:00 PM,12112 Lavinia Ln in Austin (TX),Stray,Normal,Bird,Unknown,2 years,Chicken Mix,Red,,2018-05-17 11:31:00,05/17/2018 11:31:00 AM,05/10/2016,Adoption,,Bird,Unknown,2 years,Chicken Mix,Red,6 days 23:25:00
A694121,,2014-12-20 15:39:00,12/20/2014 03:39:00 PM,Austin (TX),Owner Surrender,Normal,Bird,Unknown,1 year,Finch,White/Gray,,2014-12-21 18:03:00,12/21/2014 06:03:00 PM,12/20/2013,Adoption,,Bird,Unknown,1 year,Finch,White/Gray,1 days 02:24:00
A745684,,2017-03-22 11:46:00,03/22/2017 11:46:00 AM,Austin (TX),Stray,Normal,Bird,Unknown,5 months,Parakeet Mix,White,,2017-03-29 11:12:00,03/29/2017 11:12:00 AM,09/25/2016,Adoption,,Bird,Unknown,6 months,Parakeet Mix,White,6 days 23:26:00
A779679,,2018-09-04 13:02:00,09/04/2018 01:02:00 PM,107 E Brenham St Side B in Manor (TX),Public Assist,Normal,Bird,Intact Female,1 year,Chicken,Black/White,,2018-09-20 18:30:00,09/20/2018 06:30:00 PM,09/04/2017,Adoption,,Bird,Intact Female,1 year,Chicken,Black/White,16 days 05:28:00
A721860,,2016-03-06 10:47:00,03/06/2016 10:47:00 AM,2401 Marcus Abrams in Austin (TX),Stray,Injured,Bird,Unknown,5 years,Parrot,Green/Gray,,2016-03-10 20:22:00,03/10/2016 08:22:00 PM,03/06/2011,Adoption,,Bird,Unknown,5 years,Parrot,Green/Gray,4 days 09:35:00
A781543,,2018-10-01 13:25:00,10/01/2018 01:25:00 PM,Austin (TX),Owner Surrender,Normal,Bird,Intact Male,2 years,Chicken Mix,Red,,2018-10-11 17:53:00,10/11/2018 05:53:00 PM,10/01/2016,Adoption,,Bird,Intact Male,2 years,Chicken Mix,Red,10 days 04:28:00
A720731,Rooster 15,2016-02-14 16:02:00,02/14/2016 04:02:00 PM,21413 Webber Oaks Cv in Travis (TX),Public Assist,Normal,Bird,Intact Male,1 year,Chicken Mix,Cream/Black,Rooster 15,2016-03-08 12:52:00,03/08/2016 12:52:00 PM,02/14/2015,Adoption,,Bird,Intact Male,1 year,Chicken Mix,Cream/Black,22 days 20:50:00
A817897,,2020-05-28 12:24:00,05/28/2020 12:24:00 PM,9505 Gambels Quail Dr in Austin (TX),Stray,Injured,Bird,Intact Male,2 years,Chicken,Fawn/Black,,2020-06-09 21:47:00,06/09/2020 09:47:00 PM,05/28/2018,Adoption,,Bird,Intact Male,2 years,Chicken,Fawn/Black,12 days 09:23:00
A720732,*Randy,2016-02-14 16:02:00,02/14/2016 04:02:00 PM,21413 Webber Oaks Cv in Travis (TX),Public Assist,Normal,Bird,Intact Male,1 year,Chicken Mix,Black/Red,*Randy,2016-03-08 17:20:00,03/08/2016 05:20:00 PM,02/14/2015,Adoption,,Bird,Intact Male,1 year,Chicken Mix,Black/Red,23 days 01:18:00
A694122,,2014-12-20 15:39:00,12/20/2014 03:39:00 PM,Austin (TX),Owner Surrender,Normal,Bird,Intact Female,1 year,Parakeet,White,,2014-12-26 14:30:00,12/26/2014 02:30:00 PM,12/20/2013,Adoption,,Bird,Intact Female,1 year,Parakeet,White,5 days 22:51:00
A779660,,2018-09-04 13:02:00,09/04/2018 01:02:00 PM,107 E Brenham St in Manor (TX),Public Assist,Normal,Bird,Intact Male,1 year,Chicken,Red/Black,,2018-10-11 17:53:00,10/11/2018 05:53:00 PM,09/04/2017,Adoption,,Bird,Intact Male,1 year,Chicken,Red/Black,37 days 04:51:00
A779668,,2018-09-04 13:02:00,09/04/2018 01:02:00 PM,107 E Brenham St in Manor (TX),Public Assist,Normal,Bird,Intact Female,1 year,Chicken,Black/White,,2018-09-22 19:36:00,09/22/2018 07:36:00 PM,09/04/2017,Adoption,,Bird,Intact Female,1 year,Chicken,Black/White,18 days 06:34:00
A781545,,2018-10-01 13:25:00,10/01/2018 01:25:00 PM,Austin (TX),Owner Surrender,Normal,Bird,Intact Female,6 months,Chicken Mix,Brown,,2018-10-10 10:52:00,10/10/2018 10:52:00 AM,04/01/2018,Adoption,,Bird,Intact Female,6 months,Chicken Mix,Brown,8 days 21:27:00
A700983,,2015-04-22 11:29:00,04/22/2015 11:29:00 AM,2418 Stratford Dr in Austin (TX),Stray,Normal,Bird,Unknown,1 year,Parakeet Mix,Blue/White,,2015-05-08 16:50:00,05/08/2015 04:50:00 PM,04/22/2014,Adoption,,Bird,Unknown,1 year,Parakeet Mix,Blue/White,16 days 05:21:00
A821112,,2020-08-04 11:43:00,08/04/2020 11:43:00 AM,6903 Aries Ln in Austin (TX),Stray,Injured,Bird,Unknown,4 weeks,Chicken,White/Black,,2020-08-19 18:24:00,08/19/2020 06:24:00 PM,07/04/2020,Adoption,Foster,Bird,Unknown,1 month,Chicken,White/Black,15 days 06:41:00
A694123,,2014-12-20 15:39:00,12/20/2014 03:39:00 PM,Austin (TX),Owner Surrender,Normal,Bird,Intact Female,1 year,Parakeet,Green,,2014-12-26 14:31:00,12/26/2014 02:31:00 PM,12/20/2013,Adoption,,Bird,Intact Female,1 year,Parakeet,Green,5 days 22:52:00
A728248,,2016-06-01 14:24:00,06/01/2016 02:24:00 PM,7001 Thistle Hill in Austin (TX),Stray,Normal,Bird,Unknown,1 year,Chicken Mix,Gray,,2016-06-20 12:28:00,06/20/2016 12:28:00 PM,06/01/2015,Adoption,Foster,Bird,Unknown,1 year,Chicken Mix,Gray,18 days 22:04:00
A770612,,2018-04-22 15:43:00,04/22/2018 03:43:00 PM,Ann Arbor Avenue in Austin (TX),Stray,Normal,Bird,Unknown,1 year,Cockatiel Mix,Gray/Yellow,,2018-04-26 19:08:00,04/26/2018 07:08:00 PM,04/22/2017,Adoption,,Bird,Unknown,1 year,Cockatiel Mix,Gray/Yellow,4 days 03:25:00
A765793,,2018-01-27 00:00:00,01/27/2018 12:00:00 AM,7300 Daffan Alne in Travis (TX),Stray,Injured,Bird,Intact Male,1 year,Chicken Mix,Black/Red,,2018-02-21 13:51:00,02/21/2018 01:51:00 PM,01/26/2017,Adoption,,Bird,Intact Male,1 year,Chicken Mix,Black/Red,25 days 13:51:00
A779670,,2018-09-04 13:02:00,09/04/2018 01:02:00 PM,107 E Brenham St in Manor (TX),Public Assist,Normal,Bird,Intact Female,1 year,Chicken,Yellow/Brown,,2018-09-22 19:35:00,09/22/2018 07:35:00 PM,09/04/2017,Adoption,,Bird,Intact Female,1 year,Chicken,Yellow/Brown,18 days 06:33:00
A720733,Rooster 17,2016-02-14 16:02:00,02/14/2016 04:02:00 PM,21413 Webber Oaks Cv in Travis (TX),Public Assist,Normal,Bird,Intact Male,1 year,Chicken Mix,Black/Chocolate,Rooster 17,2016-03-08 18:52:00,03/08/2016 06:52:00 PM,02/14/2015,Adoption,,Bird,Intact Male,1 year,Chicken Mix,Black/Chocolate,23 days 02:50:00
A825548,,2020-11-05 21:50:00,11/05/2020 09:50:00 PM,4800 Hale in Austin (TX),Public Assist,Normal,Bird,Unknown,1 year,Cockatiel,White/Yellow,,2020-11-14 13:23:00,11/14/2020 01:23:00 PM,11/05/2019,Adoption,,Bird,Unknown,1 year,Cockatiel,White/Yellow,8 days 15:33:00
A742400,,2017-01-21 11:27:00,01/21/2017 11:27:00 AM,Austin (TX),Stray,Normal,Bird,Intact Male,6 months,Bantam Mix,Tan/Yellow,,2017-01-25 11:09:00,01/25/2017 11:09:00 AM,07/21/2016,Adoption,,Bird,Intact Male,6 months,Bantam Mix,Tan/Yellow,3 days 23:42:00
A720720,Rooster 4,2016-02-14 16:02:00,02/14/2016 04:02:00 PM,21413 Webber Oaks Cv in Travis (TX),Public Assist,Normal,Bird,Intact Male,1 year,Chicken Mix,Black/Chocolate,Rooster 4,2016-03-08 18:04:00,03/08/2016 06:04:00 PM,02/14/2015,Adoption,,Bird,Intact Male,1 year,Chicken Mix,Black/Chocolate,23 days 02:02:00
A720719,Greenwood,2016-02-14 16:02:00,02/14/2016 04:02:00 PM,21413 Webber Oaks Cv in Travis (TX),Public Assist,Normal,Bird,Intact Male,1 year,Chicken Mix,Black/Red,Greenwood,2016-03-08 16:48:00,03/08/2016 04:48:00 PM,02/14/2015,Adoption,,Bird,Intact Male,1 year,Chicken Mix,Black/Red,23 days 00:46:00
A727160,,2016-05-18 16:48:00,05/18/2016 04:48:00 PM,12200 Athens in Manor (TX),Stray,Normal,Bird,Unknown,1 month,Chicken,White,,2016-06-14 13:31:00,06/14/2016 01:31:00 PM,04/03/2016,Adoption,Foster,Bird,Unknown,2 months,Chicken,White,26 days 20:43:00
A760051,,2017-10-11 16:29:00,10/11/2017 04:29:00 PM,South Pleasant Valley And Riverside Drive in Austin (TX),Stray,Normal,Bird,Unknown,1 year,Quaker,Green/Gray,,2017-10-20 12:40:00,10/20/2017 12:40:00 PM,10/11/2016,Adoption,,Bird,Unknown,1 year,Quaker,Green/Gray,8 days 20:11:00
A810654,Sebastian,2019-12-17 14:54:00,12/17/2019 02:54:00 PM,Austin (TX),Owner Surrender,Normal,Bird,Unknown,1 year,Parakeet,Green/Black,Sebastian,2019-12-17 17:52:00,12/17/2019 05:52:00 PM,12/17/2018,Adoption,,Bird,Unknown,1 year,Parakeet,Green/Black,0 days 02:58:00
A779669,,2018-09-04 13:02:00,09/04/2018 01:02:00 PM,107 E Brenham St in Manor (TX),Public Assist,Normal,Bird,Intact Male,1 year,Chicken,Red/White,,2018-09-22 19:13:00,09/22/2018 07:13:00 PM,09/04/2017,Adoption,,Bird,Intact Male,1 year,Chicken,Red/White,18 days 06:11:00
A827059,*Bb King,2020-12-11 18:44:00,12/11/2020 06:44:00 PM,7925 Rockwood in Austin (TX),Public Assist,Normal,Bird,Unknown,1 year,Parakeet,Blue/White,*Bb King,2020-12-30 10:18:00,12/30/2020 10:18:00 AM,12/11/2019,Adoption,Foster,Bird,Unknown,1 year,Parakeet,Blue/White,18 days 15:34:00
A827061,*Muddy Waters,2020-12-11 18:44:00,12/11/2020 06:44:00 PM,7925 Rockwood in Austin (TX),Public Assist,Normal,Bird,Unknown,1 year,Parakeet,Gray/White,*Muddy Waters,2020-12-30 10:23:00,12/30/2020 10:23:00 AM,12/11/2019,Adoption,Foster,Bird,Unknown,1 year,Parakeet,Gray/White,18 days 15:39:00
A827060,*Stevie Nicks,2020-12-11 18:44:00,12/11/2020 06:44:00 PM,7925 Rockwood in Austin (TX),Public Assist,Normal,Bird,Intact Female,1 year,Parakeet,Blue/White,*Stevie Nicks,2020-12-30 10:20:00,12/30/2020 10:20:00 AM,12/11/2019,Adoption,Foster,Bird,Intact Female,1 year,Parakeet,Blue/White,18 days 15:36:00
A828091,*Hall,2021-01-07 11:52:00,01/07/2021 11:52:00 AM,13508 Moura Cove in Austin (TX),Wildlife,Normal,Bird,Unknown,1 year,Parakeet,Green/Yellow,*Hall,2021-01-19 10:46:00,01/19/2021 10:46:00 AM,01/07/2020,Adoption,Foster,Bird,Unknown,1 year,Parakeet,Green/Yellow,11 days 22:54:00
A828092,*Oates,2021-01-07 11:52:00,01/07/2021 11:52:00 AM,13508 Moura Cove in Austin (TX),Wildlife,Normal,Bird,Unknown,1 year,Parakeet,Green/Yellow,*Oates,2021-01-19 10:46:00,01/19/2021 10:46:00 AM,01/07/2020,Adoption,Foster,Bird,Unknown,1 year,Parakeet,Green/Yellow,11 days 22:54:00
